<Proprietes>
    <PointsButoir Nombre="10"/>
    <PointsTriangulaire Nombre="10"/>
    <PointsCible Nombre="10"/>
    <PointsVictoire Nombre="10"/>
    <PointsBilleGratuite Nombre="10"/>
    <Difficulte Nombre="1"/>
</Proprietes>

<arbreRenduINF2990>
    <table nbEnfants="3">
        <generateurbille posX="244.5334420743626" posY="-104.54159829866461" posZ="0" scaleX="1" scaleY="1" scaleZ="1" angleX="0" angleY="0" angleZ="0"/>
        <trou posX="170" posY="-164" posZ="0" scaleX="1" scaleY="1" scaleZ="1" angleX="0" angleY="0" angleZ="0"/>
        <ressort posX="240.00612196096327" posY="-170.40456721491654" posZ="0" scaleX="1" scaleY="1" scaleZ="1" angleX="0" angleY="0" angleZ="0"/>
    </table>
    <couvercle/>
</arbreRenduINF2990>
