<Proprietes>
    <PointsButoir Nombre="10"/>
    <PointsTriangulaire Nombre="10"/>
    <PointsCible Nombre="10"/>
    <PointsVictoire Nombre="10"/>
    <PointsBilleGratuite Nombre="10"/>
    <Difficulte Nombre="1"/>
</Proprietes>

<arbreRenduINF2990>
    <table nbEnfants="5">
        <generateurbille posX="245" posY="-140" posZ="0" scaleX="1" scaleY="1" scaleZ="1" angleX="0" angleY="0" angleZ="0"/>
        <trou posX="170" posY="-164" posZ="0" scaleX="1" scaleY="1" scaleZ="1" angleX="0" angleY="0" angleZ="0"/>
        <ressort posX="240.00612196096327" posY="-170.40456721491654" posZ="0" scaleX="1" scaleY="1" scaleZ="1" angleX="0" angleY="0" angleZ="0"/>
        <paletteg posX="142.94971606420535" posY="-21.933909363991159" posZ="-0" scaleX="1" scaleY="1" scaleZ="1" angleX="0" angleY="0" angleZ="180" color="0"/>
        <paletted posX="214.44971983558111" posY="-72.066093832307971" posZ="-0" scaleX="1" scaleY="1" scaleZ="1" angleX="0" angleY="0" angleZ="180" color="1"/>
    </table>
    <couvercle/>
</arbreRenduINF2990>
